<?xml version="1.0" encoding="utf-8"?>
<!DOCTYPE hibernate-configuration PUBLIC
"-//Hibernate/Hibernate Configuration DTD 3.0//EN"
"http://hibernate.sourceforge.net/hibernate-configuration-3.0.dtd">
<hibernate-configuration>
    <session-factory>
        <property name="hibernate.connection.driver_class">oracle.jdbc.driver.OracleDriver</property>
        <property name="hibernate.connection.url">jdbc:oracle:thin:@localhost:1521:xe</property>
        <property name="hibernate.connection.password">test</property>
        <property name="hibernate.connection.username">test</property>
        <property name="hibernate.dialect">org.hibernate.dialect.OracleDialect</property>
        <property name="show_sql">true</property>
        <property name="hbm2ddl.auto">update</property>
        <mapping class="com.hibernate.test.demo.EmployeeEntity"></mapping>
        <mapping class="com.hibernate.test.demo.ImageWrapper"></mapping>
        <mapping class="com.hibernate.test.namedquery.DepartmentEntity"></mapping>
    </session-factory>
</hibernate-configuration>
